DoveID\AltName\DovePlace
ABERAVON\Port Talbot\Aberavon, S Mary
ABERGAVENN\Y Fenni\Abergavenny, S Mary
ACHURCH\Thorpe Achurch\Achurch, S John Bapt
ACKWORTH\High Ackworth\Ackworth, S Cuthbert
ADELA PRS\Prospect\Adelaide, Prospect, S Cuthbert
ADELA WLK\Walkerville\Adelaide, Walkerville, S Andrew
ADVENT\Tresinney\Advent, S Adwena
ALDRINGTON\Hove\Aldrington, S Leonard
AMPORT\Amport St Mary\Amport, S Mary
ANSLEY\Church End, Warks\Ansley, S Lawrence
ARNOLD\Nottingham\Arnold, S Mary
ASH    SOM\Ash in Martock\Ash, Holy Trinity
ASH BY WRO\Ash cum Ridley\Ash by Wrotham, SS Peter & Paul
ASHWELLTHO\Ashwelthorpe\Ashwellthorpe, All Saints
ASTON  OXO\Bampton Aston\Aston, S James
ASTON  SYK\Aston cum Aughton\Aston, All Saints
ASTON ABBO\Aston Abbotts\Aston Abbots, S James Gt
BADMINTON\Great Badminton\Badminton, S Michael & All Angels
BALLYLESSO\Drumbo\Ballylesson, Holy Trinity
BAMBER BRI\Brownedge\Bamber Bridge, S Mary
BANDON\Ballymodan\Bandon, S Peter
BANGOR  G\Glanadda\Bangor, S David
BANGOR OND\Bangor Monachorum; Bangor-is-y-Coed\Bangor on Dee, S Dunawd
BARBY\Church Barby\Barby, S Mary
BARMOUTH\Abermo\Barmouth, S John
BARNET\Chipping Barnet\Barnet, S John Bapt
BASWICH\Berkswich\Baswich, Holy Trinity
BATH BW\Bathwick\Bath, Bathwick, Blessed Virgin Mary
BATH LANSD\Lansdown\Bath, Lansdown, S Stephen
BATH LAR\Larkhall\Bath, Larkhall, S Saviour
BATH TWE\Twerton on Avon\Bath, Twerton, S Michael
BATH WAL\Walcot, Som\Bath, Walcot, Christ Church
BATH WES\Weston, Som\Bath, Weston, All Saints
BATH WID\Widcombe\Bath, Widcombe, S Matthew
BATTERSEA\London\Battersea, S Mary
BEAUMARIS\Biwmares\Beaumaris, S Mary
BEDFORDGOL\Goldington\Bedford, Goldington, S Mary V
BELFASTNI2\Bloomfield\Belfast, Bloomfield, S Donard
BELFASTNI4\Dundela\Belfast, Dundela, S Mark
BENEFIELD\Lower Benefield\Benefield, S Mary V
BERKHAMSTE\Great Berkhamsted\Berkhamsted, Great, S Peter
BERMONDSEY\London\Bermondsey, S James
BERRIEW\Aberriw\Berriew, S Beuno
BETHNAL G3\London\Bethnal Green, S John, S John
BETHNAL GR\London\Bethnal Green, S Matthew, S Matthew
BICKLEIG H\Bickleigh(East)\Bickleigh (SS90), S Mary
BICKLEIG P\Bickleigh(West)\Bickleigh (SX56), S Mary V
BILTON\Rugby\Bilton, S Mark
BIRCHING Q\Quex Park\Birchington, Quex Park, Waterloo To
BIRKENHDOX\Oxton\Birkenhead, Oxton, S Saviour
BIRMIN AST\Aston, W Mids\Birmingham, Aston, SS Peter & Paul
BIRMIN BO3\Bournville\Birmingham, Bournville, S Lazar (Se
BIRMIN EDG\Edgbaston\Birmingham, Edgbaston, S Bartholome
BIRMIN ER\Erdington\Birmingham, Erdington, S Barnabas
BIRMIN ERA\Erdington\Birmingham, Erdington Abbey, Abbey
BIRMIN HN3\Handsworth, W Mids\Birmingham, Handsworth, S Mary
BIRMIN HR1\Harborne\Birmingham, Harborne, S Peter
BIRMIN KIN\King's Norton, W Mids\Birmingham, King's Norton, S Nicola
BIRMIN MS2\Moseley\Birmingham, Moseley S Anne, S Anne
BIRMIN MS4\Moseley\Birmingham, Moseley S Mary, S Mary
BIRMIN NOR\Northfield\Birmingham, Northfield, S Laurence
BIRMIN PER\Perry Barr\Birmingham, Perry Barr, S John Ev
BIRMIN SEL\Selly Oak\Birmingham, Selly Oak, S Mary
BIRMIN SHE\Sheldon\Birmingham, Sheldon, S Giles
BIRMIN YAR\Yardley\Birmingham, Yardley, S Edburgha
BLACKPO SS\South Shore\Blackpool, South Shore, Holy Trinit
BLAYDON ON\Stella\Blaydon on Tyne, S Cuthbert
BLORE\Blore Ray\Blore, S Bartholomew
BOLTON DEA\Deane\Bolton, Deane, S Mary V
BOLTON HW\Halliwell; Smithills\Bolton, Halliwell, S Peter
BONTGOCH\Elerch\Bont-goch, S Peter
BOURNEM JE\Surrey Road\Bournemouth, Surrey Rd, S John Ev
BOW  DEVON\Nymet Tracy\Bow, S Bartholomew
BOW  LONDO\London\Bow, S Mary
BRADFOD ID\Idle\Bradford, Idle, Holy Trinity
BRADFOD LM\Low Moor\Bradford, Low Moor, Holy Trinity
BRADFOD TO\Tong, W Yorks\Bradford, Tong, S James
BRADLEY\Bradeley\Bradley, S Mary & All Saints
BRADOC\Braddock\Bradoc, Blessed Virgin Mary
BRADWELLON\Bradwell juxta Mare\Bradwell on Sea, S Thomas
BRAMSHOTT\Liphook\Bramshott, S Mary V
BRECON CTH\Aberhonddu\Brecon Cath, Cath Ch of S John Ev
BRECON MRY\Aberhonddu\Brecon, S Mary, S Mary
BRECONFAES\Aberhonddu; Llanfaes\Brecon, Llanfaes, S David
BRENT TOR\Brentor\Brent Tor, S Michael
BRIDGENDNE\Newcastle, Bridgend; Pen y Bont\Bridgend, S Illtyd
BRIGHTON M\Kemp Town\Brighton, Kemp Town, former church
BRIGHTONPG\Preston, E Sussex\Brighton, Good Shepherd, The Good S
BRIGHTONPK\Preston Park\Brighton, Preston Park, S Peter
BRISBANEST\South Brisbane\Brisbane, South, S Andrew
BRISTOL 21\Redcliffe\Bristol, Redcliffe, S Mary V
BRISTOL 36\Baptist Mills\Bristol, Baptist Mills, S Werburgh
BRISTOL 53\Brislington\Bristol, Brislington, S Luke
BRISTOL 62\Henbury\Bristol, Henbury, S Mary V
BRISTOL 65\Horfield\Bristol, Horfield, Holy Trinity
BRISTOL 68\Kingsdown\Bristol, Kingsdown, S Matthew
BRISTOL 71\Knowle\Bristol, Knowle, Holy Nativity
BRISTOL 74\Southville\Bristol, Southville, S Paul
BRISTOL 77\Stapleton\Bristol, Stapleton, Holy Trinity
BRISTOL 80\Stoke Bishop\Bristol, Stoke Bishop, S Mary Magd
BRISTOL 83\Westbury on Trym\Bristol, Westbury on Trym, Holy Tri
BRISTOL 86\Whitehall\Bristol, Whitehall, S Ambrose
BRIXHAM\Higher Brixham\Brixham, S Mary
BROMSBERRO\Bromesberrow\Bromsberrow, S Mary V
BROUGHT YN\Broughton in Craven\Broughton, All Saints
BROWNSEA I\Branksea Island\Brownsea Island, S Mary
BUCKLEY\Bwcle\Buckley, S Matthew
BUILTH WEL\Llanfair ym Muallt\Builth Wells, S Mary
BUNTINGFOR\Layston\Buntingford, Layston, S Bartholomew
BURRY PORT\Achddu; Porth Tywyn\Burry Port, S Mary
BURTUTHORN\Horninglow\Burton, Horninglow, S John Div
BURTUTWINS\Winshill\Burton, Winshill, S Mark
BURWOOD\Sydney\Burwood, S Paul
BUXTON DER\Fairfield\Buxton, S Peter
CAERLEON\Caerllion\Caerleon, S Cadoc
CAERPHILLY\Caerffili\Caerphilly, S Martin
CALDECOTT\Caldicott, Rutland\Caldecott, S John Ev
CALGARY\Elbow Park\Calgary, Christ Church
CAM\Upper Cam\Cam, S George
CAMBERLEY\Yorktown\Camberley, S Michael
CAMBERWELL\London\Camberwell, S Giles
CAMBRIDG55\Cherry Hinton\Cambridge, Cherry Hinton, S Andrew
CAMBRIDG58\Chesterton\Cambridge, Chesterton, S Andrew
CAMBRIDG73\Trumpington\Cambridge, Trumpington, SS Mary & M
CANBERRA\Manuka\Canberra, Manuka, S Paul
CANTERBRHA\Hackington\Canterbury, Hackington, S Stephen
CANTERBRTH\Thanington\Canterbury, Thanington, S Nicholas
CAPE TOWNW\Woodstock, S Africa\Cape Town, Woodstock, S Mary
CARDIFF\Caerdydd\Cardiff, S John Bapt
CARDIGAN\Aberteifi\Cardigan, S Mary
CARDINHAM\Cardynham\Cardinham, S Mewbred
CARLISLE H\Harraby\Carlisle, Harraby, S Elisabeth
CARMARTHEN\Caerfyrddin\Carmarthen, S Peter
CHADWELL\Wycombe and Chadwell\Chadwell, S Mary
CHALDON HE\East Chaldon\Chaldon Herring, S Nicholas
CHARLESTNS\Sullivan's Island\Charleston, Stella Maris, Stella Ma
CHARLETON\West Charleton\Charleton, S Mary
CHARLTON\Charlton by Malmesbury\Charlton, S John Bapt
CHARLTONHT\Charlton Canfield\Charlton Horethorne, SS Peter & Pau
CHARLTONKG\Cheltenham\Charlton Kings, S Mary
CHARWELTON\Church Charwelton\Charwelton, Holy Trinity
CHELSEA AS\London\Chelsea, Old Ch, All Saints
CHELSEA LU\London\Chelsea, S Luke, S Luke
CHELTENWH\Warden Hill\Cheltenham, Warden Hill, S Christop
CHEPSTOW\Cas Gwent\Chepstow, S Mary
CHESTR  HA\Handbridge\Chester, Handbridge, S Mary without
CHESTR  HO\Hoole\Chester, Hoole, All Saints
CHICAGO RV\Riverside\Chicago, Riverside, S Paul
CHIPSTEAD\Hooley\Chipstead, S Margaret of Antioch
CHIRK\Y Waun\Chirk, S Mary
CHIRTON\Cherington, Wilts\Chirton, S John Bapt
CHRISTCHZP\Papanui\Christchurch, Papanui, S Paul
CHURCH\Church Kirk\Church, S James
CHURCH LEI\Leigh, Staffs\Church Leigh, All Saints
CHURCH OAK\Oakley, Hants\Church Oakley, S Leonard
CHURCH STO\Stowe Nine Churches\Church Stowe, S Michael
CHURCHSTOK\Yr Ystog\Churchstoke, S Nicholas
CIRENCST W\Watermoor\Cirencester, Watermoor, Holy Trinit
CLAPHAM G1\London\Clapham, HT, Holy Trinity
CLAPHAM G2\London\Clapham, OL, Our Immaculate Lady of
CLERKENWEL\London\Clerkenwell, S James
CLEVEDON 1\East Clevedon\Clevedon, All Ss, All Saints
CLEVEDONWA\Walton Clevedon\Clevedon, Walton, S Mary
CLYFFE PYP\Cliffe Pypard\Clyffe Pypard, S Peter
COLCHSTRSE\Shrub End\Colchester, Shrub End, All Saints
COLLATON\Collaton St Mary\Collaton, S Mary V
COLN ST DE\Coln St Denys\Coln St Dennis, S James Gt
CORK RC\Shandon\Cork RC Cath, RC Cath Ch of S Mary
CORNARD PA\Little Cornard\Cornard Parva, All Saints
COULSDON\Old Coulsdon\Coulsdon, S John
COVENTRY S\Stoke, W Mids\Coventry, Stoke, S Michael
COWBRIDGE\Y Bont Faen\Cowbridge, Holy Cross
CROWLAND\Croyland\Crowland, Abbey Ch of S Mary, S Bar
CROYDON SC\South Croydon\Croydon, S Peter, S Peter
CUCKNEY\Norton Cuckney\Cuckney, S Mary
CULCHETH\Newchurch Kenyon; Newchurch, Cheshire\Culcheth, dedication unknown
CWMDU\Llanfihangel Cwmdu\Cwmdu, S Michael Archangel
DALSTON MK\London\Dalston, S Mark
DARLING PT\Sydney\Darling Point, S Mark
DARTMOUTHT\Townstall\Dartmouth, Townstal, S Clement
DAYBROOK\Nottingham\Daybrook, S Paul
DEAL\Upper Deal\Deal, S Leonard
DENBIGH\Dinbych\Denbigh, S Mary
DEPTFORD\London\Deptford, S John, S John
DEPTFORD 3\London\Deptford, S Paul, S Paul
DERBY ALVA\Alvaston\Derby, Alvaston, S Michael & All An
DERBY SPON\Spondon\Derby, Spondon, S Werburgh
DEVIZESSBM\Southbroom\Devizes, Southbroom, S James
DORCHESTRF\Fordington\Dorchester, Fordington, S George
DOUGLASIOM\Ellan Vannin; Isle of Man\Douglas, S George
DRIFFIELDY\Great Driffield\Driffield, All Saints
DROITWICDH\Dodderhill\Droitwich, Dodderhill, S Augustine
DUDLEY NET\Netherton\Dudley, Netherton, S Andrew
DUNHAM MAS\Altrincham\Dunham Massey, S Margaret
DURBAN GRE\Greyville\Durban, Greyville, S Mary
DURNFORD\Great Durnford\Durnford, S Andrew
DYFFRYN\Bryn-coch\Dyffryn, S Matthew
EAST ARDSL\Ardsley East\East Ardsley, S Michael
EAST CROMP\Shaw, Gr Man\East Crompton, S James
EAST MARTO\Marton in Craven\East Marton, S Peter
EAST RAYNH\Raynham\East Raynham, S Mary V
EAST RETFO\Retford\East Retford, S Swithun
EBBW VALE\Glynebwy\Ebbw Vale, Christ Church
ENGLISHCOM\Inglescombe\Englishcombe, S Peter
EXETER ALP\Alphington\Exeter, Alphington, S Michael & All
EXETER HEA\Heavitree\Exeter, Heavitree, S Michael & All
EXETER PIN\Pinhoe\Exeter, Pinhoe, S Michael & All Ang
EXETER TOP\Topsham\Exeter, Topsham, S Margaret
EXMOUTH LH\Littleham\Exmouth, Littleham, SS Margaret & A
EXMOUTH WR\Withycombe Raleigh\Exmouth, Withycombe Raleigh, S John
FARNWORTHK\Kearsley\Farnworth and Kearsley, S John
FILTON\Bristol\Filton, S Peter
FLEGGBURGH\Burgh St Margaret\Fleggburgh, S Margaret & S Mary
FOLKESTN C\Cheriton, Kent\Folkestone, Cheriton, S Martin
FOREST\Guernsey\Forest, Guernsey, S Marguerite de l
FRODINGHAM\Scunthorpe\Frodingham, S Lawrence
FROXFIELD\High Cross\Froxfield, S Peter
FYLINGDALE\Robin Hood's Bay\Fylingdales, S Stephen
GARSTANG\Churchtown, Lancs\Garstang, S Helen
GEORGE NYM\Nymet St George\George Nympton, S George
GILLING EA\East Gilling\Gilling East, Holy Cross
GLANVWOOTT\Wootton Glanville\Glanvilles Wootton, S Mary V
GLOSSOP WH\Whitfield\Glossop, Whitfield, S James Gt
GOLANT\St Sampson\Golant, S Sampson
GORRAN\St Goran\Gorran, S Goranus
GOSPEL OAK\Kentish Town; London\Gospel Oak, S Martin
GRAHAMSTO2\Hillandale\Grahamstown, Hillandale, Holy Cross
GRAIN\Isle of Grain\Grain, S James
GRAVESENDM\Milton, Kent\Gravesend, Milton, SS Peter & Paul
GREAT CATW\Catworth\Great Catworth, S Leonard
GREAT CHEV\Cheverell Magna\Great Cheverell, S Peter
GREAT CRAN\Cransley\Great Cransley, S Andrew
GREAT CREA\Creaton\Great Creaton, S Michael & All Ange
GREAT FINB\Finborough Magna\Great Finborough, S Andrew
GREAT MALV\Malvern\Great Malvern, Priory Ch of SS Mary
GREAT MITT\Mytton\Great Mitton, All Hallows
GREAT STAN\Stanmore\Great Stanmore, S John Ev
GREAT URSW\Urswick\Great Urswick, SS Mary V & Michael
GREAT WISH\Wishford Magna\Great Wishford, S Giles
GREAT WOLF\Wolford\Great Wolford, S Michael & All Ange
GREENWICH\London\Greenwich, S Alfege
GRESFORD\Groes Ffordd\Gresford, All Saints
HACCONBY\Haconby\Hacconby, S Andrew
HACKNEY\London\Hackney, S John
HALIFAX  H\Haley Hill\Halifax, Haley Hill, All Souls
HALIFAX  N\Northowram\Halifax, Northowram, S Matthew
HALKYN\Helygain\Halkyn, S Mary V
HALTON HOL\Halton Holegate\Halton Holgate, S Andrew
HAMPSTEAD3\London\Hampstead, Christ Church
HANWELL MX\Ealing\Hanwell, S Mary
HARTLAND\Stoke, Devon\Hartland, S Nectan
HARTLEPL S\Stranton\Hartlepool, Stranton, All Saints
HASELBECH\Hazelbeech\Haselbech, S Michael
HASTING BL\Blacklands\Hastings, Blacklands, Christ Church
HAUGHTON M\Denton, Gr Man\Haughton, S Anne
HAVERFORDW\Hwlffordd\Haverfordwest, S Mary V
HAWARDEN\Penarlag\Hawarden, S Deiniol
HELLIDON\Helidon\Hellidon, S John Bapt
HELMSHORE\Musbury, Lancs\Helmshore, S Thomas
HIGH MELTO\Melton on the Hill\High Melton, S James
HIGHGATE A\London\Highgate, S Anne
HOCKWOLD C\Wilton, Norfolk\Hockwold cum Wilton, S James
HOLBORN\London\Holborn, S Giles, S Giles in the Fi
HOLLOWAY\Islington; London\Holloway, S Mary Magd
HOLMES CHA\Church Hulme\Holmes Chapel, S Luke
HOMERSFIEL\St Mary South Elmham\Homersfield, S Mary
HOMERTON 3\London\Homerton, S Barnabas
HONOLULU\Hawaii\Honolulu Cath, Cath Ch of S Andrew
HOPE  FLIN\Yr Hob\Hope, S Cynfarch
HUDDERSFLI\Lindley\Huddersfield, Lindley, S Stephen
HUDDERSFLO\Longwood\Huddersfield, Longwood, S Mark
HUGH TOWN\Isles of Scilly; Scilly; St Mary's, IoS\Hugh Town, S Mary V
HUNTSPILL\West Hunstpill\Huntspill, S Peter & All Hallows
ILFORD\Great Ilford\Ilford, S Mary
INGS\Hugill\Ings, S Anne
ISLE ABBOT\Ile Abbots\Isle Abbotts, Blessed Virgin Mary
ISLE BREWE\Ile Brewers\Isle Brewers, All Saints
ISLINGTNPS\London\Islington, Prebend St, S James Ap
ISLINGTNUS\London\Islington, Upper St, S Mary V
IWERNE COU\Shroton\Iwerne Courtney, S Mary
JARROW ONT\Jarrow Grange\Jarrow, Christ Church
JOHANNESBH\Fourways Gardens\Johannesburg, Fourways Gdns, All Sa
JOHANNESBP\Parktown\Johannesburg, Parktown, S George
KENSINGTN\London\Kensington, S Mary Abbots
KESWICK\Crosthwaite (NY22)\Keswick, S Kentigern
KILBURN LO\London\Kilburn, S Augustine
KINGS NOR-\Norton by Galby\King's Norton, S John Bapt
KINGSTN2 -\Hull\Kingston upon Hull, HT, Most Holy &
KINGSTN4\Hull\Kingston upon Hull, Lowgate, S Mary
KINGSTN6\Hull; Sutton, ER Yorks\Kingston upon Hull, Sutton, S James
KINGSTOWN\St Vincent\Kingstown Cath, St Vincent, Cath Ch
KINGSWINFW\Wordsley\Kingswinford, Wordsley, Holy Trinit
KIRBY HILL\Kirby on the Moor\Kirby Hill, All Saints
KIRKBY IRE\Kirkby in Furness\Kirkby Ireleth, S Cuthbert
KIRKTHORPE\Warmfield\Kirkthorpe, S Peter
KNIGHTON P\Tref y clawdd\Knighton, S Edward
KNIGHTSBR3\London\Knightsbridge, S Paul, S Paul
KNIGHTSBRI\London\Knightsbridge, Imperial Coll, Queen
KWEKWE\Que Que\Kwekwe, S Luke
LANBADARA\Aberystwyth\, 
LANEHAM\Church Laneham\Laneham, S Peter
LANGLEYBRY\Hunton Bridge\Langleybury, S Paul
LANGTHWAIT\Arkengarthdale\Langthwaite, S Mary
LANGTON BP\Langton by Spilsby\Langton by Partney, SS Peter & Paul
LAUGHARNE\Lecharn\Laugharne, S Martin
LEAMINGT 6\Royal Leamington Spa\Leamington, All Ss, All Saints
LEAMINGT 8\Royal Leamington Spa\Leamington, S Peter, S Peter Ap
LECKHAMPTO\Cheltenham\Leckhampton, S Peter
LEEDS BRAM\Bramley\Leeds, Bramley, S Peter
LEEDS BURL\Burley\Leeds, Burley, S Matthias
LEEDS CHAP\Chapel Allerton\Leeds, Chapel Allerton, S Matthew
LEEDS FARH\Far Headingley\Leeds, Far Headingley, S Chad
LEEDS HEAD\Headingley\Leeds, Headingley, S Michael & All
LEEDS HUNS\Hunslet\Leeds, Hunslet, S Mary V
LEEDS MEAN\Meanwood\Leeds, Meanwood, Holy Trinity
LEEDS ROUN\Roundhay\Leeds, Roundhay, Pentecostal City M
LEEDS SEAC\Seacroft\Leeds, Seacroft, S James
LEEDS UARM\Armley; Upper Armley\Leeds, Upper Armley, Christ Church
LEEDS WHIT\Whitkirk\Leeds, Whitkirk, S Mary
LEESFIELD\Oldham, Leesfield\Leesfield, S Thomas
LEICSTRAYL\Aylestone\Leicester, Aylestone, S Andrew
LEIGH THEG\The Leigh\Leigh, The, S Catherine
LEWES  SOU\Southover\Lewes, Southover, S John Bapt
LEYLAND MS\Moss Side\Leyland, Moss Side, S James
LICHFLD GN\Greenhill\Lichfield, Greenhill, S Michael
LIDDINGTON\Lyddington, Wilts\Liddington, All Saints
LIMEHOUSE\London\Limehouse, S Anne
LITTLE PET\St Petrock Minor\Little Petherick, S Petrock
LITTLE STO\Stonham Parva\Little Stonham, S Mary V
LITTLE WI7\Wittenham Abbots\Little Wittenham, S Peter
LIVERPL BN\Mossley Hill; Penny Lane\Liverpool, Mossley Hill, S Barnabas
LIVERPL PH\Pier Head\Liverpool, Pier Head, Our Lady & S
LIVERPL SF\Everton, Mers\Liverpool, SFX, S Francis Xavier
LIVERPLCHL\Childwall\Liverpool, Childwall, All Saints
LIVERPLGAR\Garston\Liverpool, Garston, S Michael
LIVERPLTB\Tuebrook\Liverpool, Tuebrook, S John Bapt
LIVERPLWAH\Walton on the Hill\Liverpool, Walton, S Mary
LIVERPLWD\West Derby\Liverpool, W Derby, S James
LIVERPLWOL\Woolton\Liverpool, Woolton, S Peter
LLANBADARA\Aberystwyth\Llanbadarn Fawr, Ceredigion, S Pada
LLANBADARB\Crossgates\Llanbadarn Fawr, Powys, S Padarn
LLANBRYNMA\Llan\Llanbrynmair, S Mary
LLANDOVERY\Llandingat\Llandovery, S Dingad
LLANEDEYRN\Caerdydd; Cardiff\Llanedeyrn, S Edeyrn
LLANFEUGAN\Pencelli\Llanfeugan, S Meugan
LLANGATT\Llangatwg\Llangattock, S Cattwg
LLANGUNLLO\Llangynllo\Llangunllo, S Cynllo
LLANGYBI\Llangibby\Llangybi, S Cybi
LLANISHEN\Caerdydd; Cardiff\Llanishen, S Isan
LLANTARNAM\Llanfihangel Llantarnam\Llantarnam, S Michael & All Angels
LLANTILIOP\Mardy\Llantilio Pertholey, S Teilo
LLANTWIT M\Llanilltud Fawr\Llantwit Major, S Illtyd
LONDON03HO\Holborn\London, S Andrew Holborn, S Andrew
LONDON06SM\Smithfield\London, Smithfield, S Bartholomew G
LONDON09BI\Bishopsgate\London, Bishopsgate, S Botolph
LONDON12AL\Aldgate\London, Aldgate, S Botolph Without
LONDON15CR\Cripplegate\London, Cripplegate, S Giles
LONDON21CH\Cheapside\London, S Mary le Bow, S Mary le Bo
LONDON24CO\Cornhill\London, Cornhill, S Michael
LOW BENTHA\Bentham\Low Bentham, S John Bapt
LOW MARNHA\Marnham\Low Marnham, S Wilfrid
LOWER BASI\Basildon, Berks\Lower Basildon, S Bartholomew
LOWER QUIN\Quinton\Lower Quinton, S Swithin
LOWER SWEL\Nether Swell\Lower Swell, S Mary
LURGAN\Shankhill\Lurgan, Christ Church
LYE\The Lye\Lye, The, Christ Church
LYNG   SOM\East Lyng\Lyng, S Bartholomew
LYTHAM\Lytham St Annes\Lytham, S Cuthbert, S Cuthbert
LYTHAM  JD\Lytham St Annes\Lytham, S John Div, S John Div
LYTHAM RC\Lytham St Annes\Lytham, S Peter, S Peter
LYTHAM RCA\Ansdell; Lytham St Annes\Lytham, Ansdell, S Joseph
MACHEN\Lower Machen\Machen, S Michael
MAIDENHEAD\Boyne Hill\Maidenhead, All Saints
MALTON\New Malton\Malton, New, SS Leonard & Mary
MANCHSTRBA\Barlow Moor; West Didsbury\Manchester, Barlow Moor, Christ Chu
MANCHSTRDI\Didsbury\Manchester, Didsbury, S James
MANCHSTRFF\Fallowfield\Manchester, Fallowfield, Holy Innoc
MANCHSTRGO\Brookfield; Gorton\Manchester, Gorton, Brookfield Unit
MANCHSTRNO\Northenden\Manchester, Northenden, S Wilfrid
MARLBORO P\Preshute\Marlborough, Preshute, S George
MARLOW\Great Marlow\Marlow, Great, All Saints
MARSHFLD G\Maerun\Marshfield, S Mary V
MARSTON M7\Marston Moretaine\Marston Morteyne, S Mary V
MARTIN BY\Martin, Lincs\Martin by Timberland, Holy Trinity
MARTINSTOW\Winterbourne St Martin\Martinstown, S Martin
MELBOURNE5\Burnley, Australia\Melbourne, Burnley, S Bartholomew
MELBOURNE7\Elsternwick; Gardenvale\Melbourne, Gardenvale, S James
MELBOURNE9\West Heidelberg\Melbourne, West Heidelberg, S Pius
MIDDLE WOO\Woodford, Wilts\Middle Woodford, All Saints
MILTONKY03\Bletchley\Milton Keynes, Bletchley, S Mary
MILTONKY06\Bradwell\Milton Keynes, Bradwell, S Lawrence
MILTONKY08\Broughton, Bucks\Milton Keynes, Broughton, S Lawrenc
MILTONKY09\Downs Barn\Milton Keynes, Downs Barn, Cross &
MILTONKY12\Fenny Stratford\Milton Keynes, Fenny Stratford, S M
MILTONKY15\Great Linford\Milton Keynes, Gt Linford, S Andrew
MILTONKY18\Loughton, Bucks\Milton Keynes, Loughton, All Saints
MILTONKY24\Wolverton, Bucks; Old Wolverton\Milton Keynes, Old Wolverton, Holy
MILTONKY27\Shenley\Milton Keynes, Shenley, S Mary
MILTONKY30\Simpson\Milton Keynes, Simpson, S Thomas Ap
MILTONKY33\Stony Stratford\Milton Keynes, Stony Stratford, SS
MILTONKY35\Little Woolstone; Woolstone, Bucks\Milton Keynes, Woolstone, Holy Trin
MILTONKY36\Woughton on the Green\Milton Keynes, Woughton-o-t-Gn, S M
MINETY\Upper Minety\Minety, S Leonard
MOLD\Yr Wyddgrug\Mold, S Mary
MONMOUTH\Trefynwy\Monmouth, S Mary V
MONTGOMERY\Trefaldwyn\Montgomery, S Nicholas
MORECAMBE\Poulton le Sands\Morecambe, Holy Trinity
MORTEHOE\Morthoe\Mortehoe, S Mary Magd
MORTIMER\Stratfield Mortimer\Mortimer, S John Ev, S John Ev
MOSSLEY RO\Roughtown\Mossley, Roughtown, S John Bapt
NEATH\Castell Nedd\Neath, S Thomas
NETHER WIN\Lower Winchendon\Nether Winchendon, S Nicholas
NETLEY\Netley Abbey\Netley, S Edward Conf
NETTLETONW\Burton, Wilts\Nettleton, S Mary
NEW RADNOR\Maesyfed\New Radnor, S Mary
NEWCASULS\Silverdale, Staffs\Newcastle u L, Silverdale, S Luke
NEWCASULW\Wolstanton\Newcastle u L, Wolstanton, S Margar
NEWCASUTB\Benwell\Newcastle, Benwell, S James
NEWCASUTF\Fenham\Newcastle, Fenham, S James & S Basi
NEWCASUTJ\Jesmond\Newcastle, Jesmond, S George
NEWCASUTL\Low Elswick\Newcastle, Low Elswick, S Stephen
NEWPORT NC\Casnewydd\Newport Cath, Cath Ch of S Woolos
NEWTON AB7\Wolborough\Newton Abbot, Wolborough, S Mary
NEWTON LEW\Newton in Makerfield\Newton le Willows, S Peter
NEWTON NOT\Porthcawl\Newton Nottage, S John Bapt
NEWTON TON\Newton Toney\Newton Tony, S Andrew
NORBURY CH\Hazel Grove\Norbury, S Thomas
NORTH COLL\Collingham, Notts\North Collingham, All Saints
NORTH COTE\North Coates\North Cotes, S Nicholas
NORTH FEAT\Featherstone\North Featherstone, All Saints
NORTHAMP10\Abington\Northampton, Abington, SS Peter & P
NORTHAMP13\Dallington\Northampton, Dallington, S Mary
NORTHAMP15\Kingsthorpe\Northampton, Kingsthorpe, S John Ba
NORTHAMP16\Hunsbury; West Hunsbury\Northampton, W Hunsbury, S Benedict
NORTHOP\Llaneurgain\Northop, SS Eurgain & Peter
NORTHWICH\Witton\Northwich, S Helen
NORTON  GL\Prior's Norton\Norton, S Mary
NORTON J03\Norton on Derwent\Norton j Malton, S Peter
NORWICH GE\Colegate\Norwich, Colegate, S George
NORWICH MI\Coslany\Norwich, Coslany, S Michael & All A
NOTTINGM A\Radford\Nottingham, All Ss, All Saints
NOTTINGMAS\Aspley\Nottingham, Aspley, S Margaret
NOTTINGMBA\Basford\Nottingham, Basford, S Leodegarius
NOTTINGMBU\Bulwell\Nottingham, Bulwell, S Mary V & All
NOTTINGMLE\Lenton\Nottingham, Lenton, Sacred & Undivi
NUNEATONCC\Chilvers Coton\Nuneaton, Chilvers Coton, All Saint
ODDINGTONG\Lower Oddington\Oddington, S Nicholas
OFFLEY\Great Offley\Offley, S Mary Magd
OLD\Wold, Northants\Old, S Andrew
OLD DALBY\Dalby on the Wolds\Old Dalby, S John Bapt
OLDHAM GLO\Glodwick\Oldham, Glodwick, S Mark
OLDHAM MOO\Moorside\Oldham, Moorside, S Thomas
OVER  CHES\Winsford, Cheshire\Over, S Chad
OXFORDCOWL\Cowley\Oxford, Cowley, S James
OXFORDHEAD\Headington\Oxford, Headington, S Andrew
OXFORDIFFL\Iffley\Oxford, Iffley, S Mary V
OXFORDMARS\Marston, Oxon\Oxford, Marston, S Nicholas
OXFORDNHKS\North Hinksey\Oxford, N Hinksey, S Lawrence
OXFORDWOLV\Wolvercote\Oxford, Wolvercote, S Peter
PAKEFIELD\Lowestoft, Pakefield\Pakefield, All Saints & S Margaret
PARBOLD\Douglas, Lancs\Parbold, Christ Church
PARRAMATTA\Sydney\Parramatta, All Saints
PEEL   IOM\Ellan Vannin; Isle of Man\Peel Cath, Cath Ch of S German
PEMBROKE\Penfro\Pembroke, S Mary V
PENSELWOOD\Pen Selwood\Penselwood, S Michael
PENWORTHAM\Higher Penwortham\Penwortham, S Mary
PEOVER SUP\Over Peover\Peover Superior, S Lawrence
PERTHCLARE\Claremont\Perth, Claremont, Christ Church
PERTHMOSMA\Mosman Park\Perth, Mosman Park, S Hilda's Schoo
PETERSTON\Llanbedr y Fro\Peterston-super-Ely, S Peter
PIMLICO BA\London\Pimlico, S Barnabas, S Barnabas
PIMLICO GA\London\Pimlico, S Gabriel, S Gabriel
PIMLICO SA\London\Pimlico, S Saviour, S Saviour
PLAS POWER\Bersham\, 
PLYMOUTH10\Compton Gifford\Plymouth, Compton Gifford, Emmanuel
PLYMOUTH14\Egg Buckland\Plymouth, Eggbuckland, S Edward
PLYMOUTH17\Laira\Plymouth, Laira, S Mary V
PLYMOUTH23\Plympton St Mary\Plymouth, Plympton St Mary, S Mary
PLYMOUTH26\Plympton St Maurice\Plymouth, Plympton St Maurice, S Ma
PLYMOUTH28\Plymstock\Plymouth, Plymstock, S Mary & All S
PLYMOUTH33\St Budeaux\Plymouth, St Budeaux, S Budeaux
PLYMOUTH38\Stoke Damerel\Plymouth, Stoke Damerel, S Andrew
PLYMOUTH40\Tamerton Foliot\Plymouth, Tamerton Foliot, S Mary
POOLE OAKD\Oakdale\Poole, Oakdale, S George
POPLAR ASS\London\Poplar, All Saints
POPLAR IOD\Cubitt Town; Isle of Dogs; London\Poplar, Cubitt Town, Christ Church
PORTSMUTHP\Portsea\Portsmouth, Portsea, S Mary
PRESTEIGNE\Llanandras\Presteigne, S Andrew
PRITTLEWEL\Southend\Prittlewell, S Mary V
PULHAM MAR\Pulham St Mary Magdalen\Pulham Market, S Mary Magd
PULVERBATC\Church Pulverbatch\Pulverbatch, S Edith
PUNE\Poona; Panch Howd\Pune, Holy Name
QUORN\Quorndon\Quorn, S Bartholomew
RADYR\Caerdydd; Cardiff\Radyr, Christ Church
RAITHBY\Raithby by Spilsby\Raithby, Holy Trinity
RANDWICKOZ\Sydney\Randwick, S Jude
READINGCAV\Caversham\Reading, Caversham, S Peter
REDDITCH I\Ipsley\Redditch, Ipsley, S Peter
REEPHAM\Whitwell, Norfolk\Reepham, S Michael & All Angels
REVELSTOKE\Noss Mayo\Revelstoke, S Peter
ROCHDALEBA\Balderstone\Rochdale, Balderstone, S Mary
ROCHDALEHY\Healey\Rochdale, Healey, Christ Church
ROSTREVOR\Kilbroney\Rostrevor, S Bronach
ROTHERHAME\Eastwood\Rotherham, Eastwood, S Antony (Copt
ROTHERHITH\London\Rotherhithe, SS Mary & Paul
RUDBY\Hutton Rudby; Rudby in Cleveland\Rudby, All Saints
RUMNEY\Caerdydd; Cardiff\Rumney, S Augustine
SAI ANNE\Alderney\St Anne, Alderney, S Anne
SAI ANNESS\Heyhouses; Lytham St Annes\St Annes on the Sea, S Anne
SAI CROSSE\South Elmham\St Cross South Elmham, S Cross
SAI DAVIDS\Tyddewi\St David's Cath, Cath Ch of S David
SAI DECUMA\Watchet\St Decuman's, S Decuman
SAI GEORGE\Grenada\St George's, Grenada, S George
SAI GWINEA\Gwinear\St Gwinear, S Gwinear
SAI HELENE\Eccleston, Mers\St Helens, Eccleston, S Thomas
SAI HELIEM\Jersey\St Helier, Jersey, S Mark Ev
SAI ISSELL\Churchton\St Issells, S Issell
SAI JAMESE\South Elmham\St James South Elmham, S James
SAI JOHNJE\Jersey\St John, Jersey, S John in the Oaks
SAI KEA\Kea\St Kea, All Hallows
SAI LAUREN\Ramsgate\St Laurence in Thanet, S Laurence
SAI MARG2\South Elmham\St Margaret South Elmham, S Margare
SAI MELLON\Caerdydd; Cardiff; Llaneirwg\St Mellons, S Mellons
SAI PETEPJ\Guernsey\St Peter Port, S Jn, Guernsey, S Jo
SAI PETEPP\Guernsey\St Peter Port, S Ptr, Guernsey, S P
SAI PETERT\Broadstairs\St Peters in Thanet, S Peter Ap
SAI PIDUB0\Guernsey\St Pierre du Bois, Guernsey, S Pier
SAI PIDUB3\Guernsey\St Pierre du Bois, Guernsey(3), S P
SALFORD M4\Pendleton\Salford, Pendleton, S Thomas
SALISBRY P\Fisherton Anger\Salisbury, S Paul, S Paul
SALTAIRE\Shipley, W Yorks\Saltaire, United Reformed Church
SAVERNAKE\St Katharines\Savernake Forest, S Katharine V&M
SCOFTON\Scofton w Osberton\Scofton, S John Ev
SEDBERGH\Sedburgh\Sedbergh, S Andrew
SHADWELL\London\Shadwell, S Paul
SHAFTESBYC\Cann\Shaftesbury, Cann, School Chapel Ar
SHEFFIELD\Hallam\Sheffield RC Cath, RC Cath Ch of S
SHEFFIELDB\Beighton\Sheffield, Beighton, S Mary
SHEFFIELDD\Dore\Sheffield, Dore, Christ Church
SHEFFIELDN\Norton, S Yorks\Sheffield, Norton, S James Gt
SHEFFIELDR\Ranmoor\Sheffield, Ranmoor, S John Ev
SHEFFIELDW\Walkley\Sheffield, Walkley, S Mary
SHERINGHAM\Upper Sheringham\Sheringham, All Saints
SHERSTON\Sherston Magna\Sherston, Holy Cross
SHIRENEWTO\Drenewydd Gelli Fach\Shirenewton, S Thomas a Becket
SHORE\Littleborough\Shore, S Barnabas
SHOREDITCH\London\Shoreditch, S Leonard
SISTON\Syston, Glos\Siston, S Anne Mother of BVM
SLOUGH\Upton cum Chalvey\Slough, S Mary
SOUTH DALT\Dalton Holme\South Dalton, S Mary
SOUTH HACK\Hackney\South Hackney, S John of Jerusalem
SOUTHAMP25\Bitterne Park\Southampton, Bitterne Pk, The Ascen
SOUTHWARK\London\Southwark Cath, Cath Ch of S Saviou
SOUTHWARKG\Borough; London\Southwark, S George Martyr, S Georg
SPALDING F\Fulney\Spalding, Fulney, S Paul
SPITALFIEL\London\Spitalfields, Christ Church
STAFFORD C\Castle Church\Stafford, Castle Church, S Mary
STALYBRDGC\Castlehall\Stalybridge, Castlehall, Holy Trini
STALYBRDGS\Staley; Stayley\Stalybridge, Stayley, S Paul
STAMFORDHI\London; South Tottenham\Stamford Hill, S Ann
STAND\Whitefield\Stand, All Saints
STANTON LO\Long Stanton\Stanton Long, S Michael & All Angel
STEPNEY D\London\Stepney, S Dunstan, S Dunstan
STEPNEY GE\London\Stepney, S George, S George in the
STOCK\Stock Harvard\Stock, All Saints
STOKE GIFF\Bristol\Stoke Gifford, S Michael
STOKE NEWI\London\Stoke Newington, S Mary
STOKE OTBC\Bucknall\Stoke, Bucknall, S Mary
STOKE OTBR\Burslem\Stoke, Burslem, S John Bapt
STOKE OTFE\Fenton\Stoke, Fenton, Christ Church
STOKE OTHA\Hanley\Stoke, Hanley, former ch of S John
STOKE OTTU\Tunstall, Staffs\Stoke, Tunstall, Christ Church
STOURBRGAM\Amblecote\Stourbridge, Amblecote, Holy Trinit
STOURBRGOS\Old Swinford\Stourbridge, Old Swinford, S Mary
STOURBRGWO\Wollaston\Stourbridge, Wollaston, S James
STRATFIEDM\Mortimer\Stratfield Mortimer, S Mary, S Mary
SUNDERLNDB\Bishopwearmouth\Sunderland, Minster, Minster Ch: S
SUNDERLNDH\Hendon, Tyne&Wear\Sunderland, Hendon, S Ignatius
SUNDERLNDR\Roker\Sunderland, Roker, S Andrew
SUTTON  CH\Sutton Lane Ends\Sutton, S James
SUTTON  LO\Benhilton\Sutton, All Saints
SUTTON OSE\Sutton le Marsh\Sutton on Sea, S Clement
SWANSEA MY\Abertawe\Swansea, S Mary
SWANSEA SK\Abertawe; Sketty\Swansea, Sketty, S Paul
SWEFFLING\Swefling\Sweffling, S Mary V
SWINDON RC\Rodbourne Cheney\Swindon, Rodbourne Cheney, S Mary
SYDNEY   P\Church Hill\Sydney, S Philip, S Philip
SYDNEY BBW\Broadway\Sydney, Broadway, S Benedict
TANEY\Dundrum\Taney, Christ Church
TAUNTONROW\Rowbarton\Taunton, Rowbarton, S Andrew
TAUNTONWIL\Wilton, Som\Taunton, Wilton, S George
TAXAL\Whaley Bridge\Taxal, S James
TEIGNMOUTE\East Teignmouth\Teignmouth, East, S Michael
TEIGNMOUTW\West Teignmouth\Teignmouth, West, S James Less
TELFORDCOA\Coalbrookdale\Telford, Coalbrookdale, Holy Trinit
TELFORDDAW\Dawley Magna\Telford, Dawley Magna, Holy Trinity
TELFORDMAD\Madeley\Telford, Madeley, S Michael
TELFORDMAL\Malinslee\Telford, Malinslee, S Leonard
TELFORDSTI\Stirchley\Telford, Stirchley, S James
TELFORDWEL\Wellington, Shrops\Telford, Wellington, All Saints
TEMPLECOMB\Abbas Combe\Templecombe, Blessed Virgin Mary
TENBY\Dinbych y Pysgod\Tenby, S Mary
THORP ARCH\Thorpe Arch\Thorp Arch, All Saints
THORPE BAY\Southend\Thorpe Bay, S Augustine
THORPE SAA\Thorpe Episcopi\Thorpe St Andrew, S Andrew
THUNDRIDGE\Wadesmill\Thundridge, S Mary
TITCHMARSH\Tichmarsh\Titchmarsh, S Mary V
TODMORDENW\Walsden\Todmorden, Walsden, S Peter
TORQUAY BA\Babbacombe\Torquay, Babbacombe, All Saints
TORQUAY CO\Cockington\Torquay, Cockington, SS George & Ma
TORQUAY SM\St Marychurch\Torquay, St Marychurch, S Mary V
TORQUAY TM\Tor Mohun\Torquay, Tor Mohun, The Apostle And
TORQUAY UP\Upton, Devon\Torquay, Upton, S Mary Magd
TORTEVAL\Guernsey\Torteval, Guernsey, S Philippe de T
TREGAER\Tregare\Tregaer, S Mary
TREVETHIN\Pontypool\Trevethin, S Cadoc
TRURO  KEN\Kenwyn\Truro, Kenwyn, S Keyne
TUNBRIDGE\Royal Tunbridge Wells\Tunbridge Wells, S Peter
TURRAMURRA\Sydney\Turramurra, S James
TYSOE\Middle Tysoe\Tysoe, Assumption of The BVM
UPPER BROU\Broughton Sulney\Upper Broughton, S Luke
UPPER DEAN\Dean, Beds\Upper Dean, All Hallows
USK\Brynbuga\Usk, S Mary
VALE\Guernsey\Vale, Guernsey, S Michel du Valle
WAKEFIELDS\Sandal Magna\Wakefield, Sandal Magna, S Helen
WALCOTTNOR\Walcot, Norfolk\Walcott, All Saints
WALLASEYLI\Liscard\Wallasey, Liscard, S Mary
WALSALLBLA\Blakenall Heath\Walsall, Blakenall Hth, Christ Chur
WALSALLBLO\Bloxwich\Walsall, Bloxwich, All Saints
WALTON LEW\Walton on the Wolds\Walton le Wolds, S Mary
WALWORTH\London\Walworth, S Peter
WANDSWORTW\West Hill, SW15\Wandsworth, West Hill, Holy Trinity
WARSOP\Church Warsop\Warsop, SS Peter & Paul
WATERLOOWR\Lambeth; London\Waterloo, S John Ev
WEDNESBRYW\Wood Green, W Mids\Wednesbury, Wood Green, S Paul
WEEDON LOI\Lois Weedon\Weedon Lois, S Mary V & S Peter
WELLINGTS2\Rockwell Green\Wellington, Rockwell Gn, All Saints
WELSHPOOL\Y Trallwng\Welshpool, S Mary
WEST CRANM\Cranmore\West Cranmore, S Bartholomew
WEST HAM\London\West Ham, All Saints
WEST KIRBY\Hoylake\West Kirby, S Bridget
WEST PUTFO\Putford\West Putford, S Stephen
WEST QUANT\St Audries\West Quantoxhead, S Etheldreda
WEST RETFO\Retford\West Retford, S Michael Archangel
WESTCOTE\Church Westcote\Westcote, S Mary V
WESTMINS A\London\Westminster Abbey, Collegiate Ch of
WESTMINS C\London\Westminster, S Clement Danes, S Cle
WESTMINSMG\London\Westminster, S Margaret, S Margaret
WESTMINSMT\London\Westminster, S Martin, S Martin in
WESTMINSRR\London\Westminster, Rochester Row, S Steph
WESTONZOYL\Weston Zoyland\Westonzoyland, Blessed Virgin Mary
WEYMOUTH P\Preston, Dorset\Weymouth, Preston, S Andrew
WEYMOUTH U\Upwey\Weymouth, Upwey, S Laurence
WEYMOUTH W\Wyke Regis\Weymouth, Wyke Regis, All Saints
WHATTON IN\Whatton, Notts\Whatton in the Vale, S John of Beve
WHITCHCH C\Caerdydd; Cardiff; Eglwys Newydd\Whitchurch, S Mary
WHITCHCH O\Whitchurch on Thames\Whitchurch, S Mary V
WHITSTAB S\Seasalter\Whitstable, S Alphege, S Alphege
WHITWOOD\Hightown; Castleford\Whitwood, All Saints
WHORLTON I\Swainby\Whorlton in Cleveland, Holy Cross
WIGAN POOL\Poolstock\Wigan, Poolstock, S James
WILLINGALE\Willingale Doe\Willingale, S Christopher
WINDSOR CL\Clewer\Windsor, Clewer, S Andrew
WOKING\Old Woking\Woking, S Peter
WOLVERHABL\Blakenhall\Wolverhampton, Blakenhall, S Luke
WOLVERHABU\Bushbury\Wolverhampton, Bushbury, S Mary
WOLVERHAPE\Penn, W Mids\Wolverhampton, Penn, S Bartholomew
WOLVERHATE\Tettenhall\Wolverhampton, Tettenhall, S Michae
WOOD WALTO\Woodwalton\Wood Walton, S Andrew
WOOLFARDI8\Woolsery\Woolfardisworthy West, Holy Trinity
WOOTTON BA\Royal Wootton Bassett\Wootton Bassett, S Bartholomew & Al
WORLE\Weston super Mare\Worle, S Martin
WORTHING\Heene\Worthing, S Botolph
WREXHAM\Wrecsam\Wrexham, S Giles
YORK  ACOM\Acomb\York, Acomb, S Stephen
YORK  BISH\Bishopthorpe\York, Bishopthorpe, S Andrew
YORK  CLIF\Clifton, N Yorks\York, Clifton, SS Philip & James
YORK HUNTI\Huntington\York, Huntington, All Saints
